frameIndex,imageIndex,timestamp,orientation,areas
0,0,1771569184.3866072,0,"[{""offset"":{""y"":-91,""x"":0},""rect"":{""y"":0,""x"":0,""width"":0,""height"":844}}]"
1,1,1771569185.391607,0,"[{""rect"":{""width"":390,""x"":0,""y"":0,""height"":844},""offset"":{""y"":-91,""x"":0}}]"
2,2,1771569186.408276,0,"[{""offset"":{""y"":-91,""x"":0},""rect"":{""height"":844,""y"":0,""width"":390,""x"":0}}]"
3,3,1771569188.681804,0,"[{""offset"":{""x"":0,""y"":-91},""rect"":{""width"":390,""y"":0,""height"":844,""x"":0}}]"
4,4,1771569189.691625,0,"[{""rect"":{""y"":0,""width"":390,""x"":0,""height"":844},""offset"":{""x"":0,""y"":-91}}]"
5,5,1771569190.691647,0,"[{""rect"":{""height"":844,""width"":390,""x"":0,""y"":0},""offset"":{""x"":0,""y"":428.33333333333331}}]"
6,6,1771569191.7082949,0,"[{""rect"":{""y"":0,""width"":390,""x"":0,""height"":844},""offset"":{""x"":0,""y"":1452}}]"
7,7,1771569192.724969,0,"[{""offset"":{""x"":0,""y"":1628.6666666666667},""rect"":{""y"":0,""x"":0,""height"":844,""width"":390}}]"
8,8,1771569193.741636,0,"[{""offset"":{""x"":0,""y"":2169.3333333333335},""rect"":{""height"":844,""x"":0,""y"":0,""width"":390}}]"
9,8,1771569194.741644,0,"[{""offset"":{""x"":0,""y"":2169.3333333333335},""rect"":{""x"":0,""y"":0,""width"":390,""height"":844}}]"
10,8,1771569195.758304,0,"[{""offset"":{""y"":2169.3333333333335,""x"":0},""rect"":{""height"":844,""y"":0,""width"":390,""x"":0}}]"
11,8,1771569196.758337,0,"[{""rect"":{""height"":844,""x"":0,""y"":0,""width"":390},""offset"":{""x"":0,""y"":2169.3333333333335}}]"
12,9,1771569197.774994,0,"[{""offset"":{""y"":2169.3333333333335,""x"":0},""rect"":{""width"":390,""height"":844,""x"":0,""y"":0}},{""offset"":{""y"":0,""x"":390},""rect"":{""y"":150,""width"":390,""x"":0,""height"":611}}]"
13,10,1771569198.775063,0,"[{""offset"":{""x"":390,""y"":0},""rect"":{""y"":150,""x"":0,""width"":390,""height"":611}}]"
14,11,1771569199.7916698,0,"[{""rect"":{""height"":611,""x"":0,""width"":390,""y"":150},""offset"":{""y"":0,""x"":390}}]"
15,11,1771569200.792232,0,"[{""rect"":{""height"":611,""x"":0,""y"":150,""width"":390},""offset"":{""x"":390,""y"":0}}]"
16,12,1771569201.8083658,0,"[{""rect"":{""width"":390,""height"":611,""y"":150,""x"":0},""offset"":{""x"":390,""y"":0}},{""offset"":{""y"":316.33333333333331,""x"":0},""rect"":{""height"":611,""x"":0,""y"":150,""width"":390}}]"
17,13,1771569202.809459,0,"[{""offset"":{""x"":390,""y"":0},""rect"":{""x"":0,""y"":150,""width"":390,""height"":611}},{""rect"":{""x"":0,""y"":150,""height"":611,""width"":390},""offset"":{""y"":578.33333333333337,""x"":0}}]"
18,14,1771569203.825029,0,"[{""rect"":{""width"":390,""y"":150,""x"":0,""height"":611},""offset"":{""x"":673.66666666666663,""y"":0}},{""rect"":{""width"":390,""y"":150,""height"":611,""x"":-283.66666666666663},""offset"":{""y"":578.33333333333337,""x"":0}}]"
19,15,1771569204.825595,0,"[{""rect"":{""x"":0,""width"":390,""y"":150,""height"":611},""offset"":{""y"":0,""x"":390}}]"
20,16,1771569205.841702,0,"[{""rect"":{""width"":390,""x"":0,""y"":150,""height"":611},""offset"":{""x"":390,""y"":0}}]"
21,17,1771569206.841754,0,"[{""offset"":{""y"":0,""x"":390},""rect"":{""x"":0,""height"":611,""y"":150,""width"":390}},{""rect"":{""width"":390,""height"":611,""y"":150,""x"":0},""offset"":{""y"":92.666666666666671,""x"":0}}]"
22,18,1771569207.858391,0,"[{""offset"":{""y"":0,""x"":390},""rect"":{""x"":0,""height"":611,""y"":150,""width"":390}}]"
23,19,1771569208.891685,0,"[{""rect"":{""width"":390,""height"":611,""x"":0,""y"":150},""offset"":{""y"":0,""x"":390}}]"
24,20,1771569209.90835,0,"[{""offset"":{""x"":390,""y"":0},""rect"":{""width"":390,""height"":611,""x"":0,""y"":150}}]"
25,21,1771569210.9083881,0,"[{""rect"":{""width"":390,""x"":0,""y"":150,""height"":611},""offset"":{""x"":390,""y"":0}}]"
26,22,1771569211.908393,0,"[{""rect"":{""x"":0,""width"":390,""height"":611,""y"":150},""offset"":{""x"":390,""y"":0}},{""rect"":{""height"":611,""width"":390,""x"":0,""y"":150},""offset"":{""y"":-60,""x"":0}}]"
27,23,1771569212.908454,0,"[{""rect"":{""x"":0,""width"":390,""height"":611,""y"":150},""offset"":{""y"":0,""x"":390}},{""offset"":{""x"":0,""y"":-60},""rect"":{""height"":611,""x"":0,""y"":150,""width"":390}}]"
28,24,1771569213.9250689,0,"[{""rect"":{""x"":0,""y"":150,""width"":390,""height"":611},""offset"":{""x"":390,""y"":0}},{""rect"":{""width"":390,""x"":0,""y"":150,""height"":611},""offset"":{""x"":0,""y"":-60}}]"
29,25,1771569214.9417171,0,"[{""rect"":{""height"":611,""x"":0,""y"":150,""width"":390},""offset"":{""y"":0,""x"":390}}]"
30,26,1771569215.958389,0,"[{""offset"":{""x"":390,""y"":0},""rect"":{""x"":0,""width"":390,""height"":611,""y"":150}}]"
31,27,1771569216.958421,0,"[{""offset"":{""y"":0,""x"":390},""rect"":{""width"":390,""y"":150,""height"":611,""x"":0}}]"
32,27,1771569217.9590511,0,"[{""offset"":{""x"":390,""y"":0},""rect"":{""height"":611,""x"":0,""y"":150,""width"":390}}]"
33,28,1771569219.008976,0,"[{""rect"":{""height"":611,""width"":390,""x"":0,""y"":150},""offset"":{""x"":390,""y"":0}},{""offset"":{""x"":0,""y"":-91},""rect"":{""y"":0,""height"":844,""width"":390,""x"":0}},{""rect"":{""x"":0,""y"":0,""width"":390,""height"":844},""offset"":{""x"":0,""y"":-91}}]"
34,29,1771569220.0251389,0,"[{""offset"":{""y"":0,""x"":390},""rect"":{""height"":611,""width"":390,""y"":150,""x"":0}},{""offset"":{""x"":0,""y"":-91},""rect"":{""height"":844,""y"":0,""width"":390,""x"":0}},{""rect"":{""height"":844,""y"":0,""x"":0,""width"":390},""offset"":{""y"":-91,""x"":0}}]"
35,30,1771569221.0288959,0,"[{""rect"":{""width"":390,""height"":611,""x"":0,""y"":150},""offset"":{""x"":390,""y"":0}},{""rect"":{""height"":844,""x"":0,""y"":0,""width"":390},""offset"":{""x"":0,""y"":-91}},{""offset"":{""x"":0,""y"":-91},""rect"":{""width"":390,""height"":844,""x"":0,""y"":0}}]"
36,30,1771569222.041778,0,"[{""offset"":{""x"":390,""y"":0},""rect"":{""width"":390,""x"":0,""height"":611,""y"":150}},{""rect"":{""y"":0,""x"":0,""height"":844,""width"":390},""offset"":{""y"":-91,""x"":0}},{""rect"":{""height"":844,""x"":0,""y"":0,""width"":390},""offset"":{""y"":-91,""x"":0}}]"
37,30,1771569223.0417929,0,"[{""rect"":{""y"":150,""width"":390,""x"":0,""height"":611},""offset"":{""y"":0,""x"":390}},{""offset"":{""y"":-91,""x"":0},""rect"":{""y"":0,""width"":390,""height"":844,""x"":0}},{""rect"":{""x"":0,""y"":0,""width"":390,""height"":844},""offset"":{""x"":0,""y"":-91}}]"
38,31,1771569224.10841,0,"[{""offset"":{""y"":0,""x"":390},""rect"":{""height"":611,""width"":390,""x"":0,""y"":150}},{""rect"":{""width"":390,""x"":0,""height"":844,""y"":0},""offset"":{""x"":0,""y"":-91}},{""rect"":{""width"":390,""height"":800,""y"":556.66666666666674,""x"":0},""offset"":{""x"":390,""y"":0}},{""rect"":{""width"":390,""height"":844,""y"":0,""x"":0},""offset"":{""x"":0,""y"":-91}}]"
39,32,1771569225.308481,0,"[{""offset"":{""y"":0,""x"":390},""rect"":{""width"":390,""y"":150,""height"":611,""x"":0}},{""offset"":{""y"":-91,""x"":0},""rect"":{""x"":0,""y"":0,""width"":390,""height"":844}},{""rect"":{""y"":556.66666666666674,""height"":800,""x"":0,""width"":390},""offset"":{""x"":780,""y"":0}},{""offset"":{""x"":18,""y"":0},""rect"":{""width"":390,""height"":44,""x"":0,""y"":512.66666666666674}},{""rect"":{""width"":390,""x"":0,""height"":844,""y"":0},""offset"":{""x"":0,""y"":-91}}]"
40,33,1771569226.325125,0,"[{""offset"":{""y"":0,""x"":390},""rect"":{""width"":390,""y"":150,""height"":611,""x"":0}},{""offset"":{""y"":-91,""x"":0},""rect"":{""y"":0,""x"":0,""height"":844,""width"":390}},{""offset"":{""y"":0,""x"":1170},""rect"":{""y"":556.66666666666674,""width"":390,""x"":0,""height"":800}},{""rect"":{""y"":512.66666666666674,""width"":390,""height"":44,""x"":0},""offset"":{""x"":18,""y"":0}},{""rect"":{""width"":390,""y"":0,""height"":844,""x"":0},""offset"":{""y"":-91,""x"":0}}]"
41,33,1771569227.325144,0,"[{""offset"":{""y"":0,""x"":390},""rect"":{""x"":0,""width"":390,""y"":150,""height"":611}},{""offset"":{""x"":0,""y"":-91},""rect"":{""height"":844,""y"":0,""x"":0,""width"":390}},{""offset"":{""y"":0,""x"":1170},""rect"":{""x"":0,""width"":390,""height"":800,""y"":556.66666666666674}},{""rect"":{""y"":512.66666666666674,""width"":390,""height"":44,""x"":0},""offset"":{""x"":18,""y"":0}},{""rect"":{""x"":0,""height"":844,""width"":390,""y"":0},""offset"":{""x"":0,""y"":-91}}]"
42,34,1771569228.325145,0,"[{""rect"":{""height"":611,""width"":390,""x"":0,""y"":150},""offset"":{""y"":0,""x"":390}},{""rect"":{""height"":844,""y"":0,""x"":-0.98229825496673584,""width"":390},""offset"":{""x"":0,""y"":-91}},{""rect"":{""height"":800,""x"":-0.98229825496673584,""y"":556.66666666666674,""width"":390},""offset"":{""x"":1170,""y"":0}},{""offset"":{""x"":18,""y"":0},""rect"":{""y"":512.66666666666674,""x"":-0.98229825496673584,""width"":390,""height"":44}},{""offset"":{""x"":0,""y"":-91},""rect"":{""height"":844,""x"":-0.98229825496673584,""y"":0,""width"":390}}]"
43,35,1771569229.341827,0,"[{""offset"":{""y"":0,""x"":390},""rect"":{""height"":611,""y"":150,""width"":390,""x"":0}}]"
44,35,1771569230.358468,0,"[{""offset"":{""x"":390,""y"":0},""rect"":{""width"":390,""x"":0,""y"":150,""height"":611}}]"
45,36,1771569232.575152,0,"[{""offset"":{""x"":390,""y"":0},""rect"":{""y"":150,""width"":390,""x"":0,""height"":611}},{""rect"":{""height"":844,""x"":0,""y"":0,""width"":390},""offset"":{""x"":0,""y"":-91}}]"
46,36,1771569233.575726,0,"[{""offset"":{""x"":390,""y"":0},""rect"":{""y"":150,""width"":390,""x"":0,""height"":611}},{""offset"":{""x"":0,""y"":-91},""rect"":{""height"":844,""x"":0,""y"":0,""width"":390}}]"
47,37,1771569234.591806,0,"[{""rect"":{""x"":0,""y"":150,""height"":611,""width"":390},""offset"":{""y"":0,""x"":390}},{""rect"":{""x"":0,""y"":0,""width"":390,""height"":844},""offset"":{""x"":0,""y"":-91}}]"
48,37,1771569235.591819,0,"[{""offset"":{""x"":390,""y"":0},""rect"":{""width"":390,""y"":150,""x"":0,""height"":611}},{""rect"":{""x"":0,""y"":0,""width"":390,""height"":844},""offset"":{""y"":-91,""x"":0}}]"
49,37,1771569236.5918489,0,"[{""offset"":{""y"":0,""x"":390},""rect"":{""y"":150,""x"":0,""height"":611,""width"":390}},{""offset"":{""x"":0,""y"":-91},""rect"":{""x"":0,""y"":0,""height"":844,""width"":390}}]"
50,38,1771569237.597715,0,"[{""rect"":{""x"":0,""y"":150,""height"":611,""width"":390},""offset"":{""x"":390,""y"":0}},{""offset"":{""y"":-91,""x"":0},""rect"":{""x"":0,""y"":0,""width"":390,""height"":844}}]"
51,39,1771569238.608535,0,"[{""rect"":{""x"":0,""width"":390,""height"":611,""y"":150},""offset"":{""y"":0,""x"":390}},{""offset"":{""y"":-91,""x"":0},""rect"":{""x"":0,""y"":0,""width"":390,""height"":844}}]"
52,39,1771569239.625187,0,"[{""rect"":{""y"":150,""width"":390,""x"":0,""height"":611},""offset"":{""y"":0,""x"":390}},{""rect"":{""width"":390,""x"":0,""y"":0,""height"":844},""offset"":{""y"":-91,""x"":0}}]"
53,39,1771569240.628973,0,"[{""offset"":{""y"":0,""x"":390},""rect"":{""x"":0,""width"":390,""height"":611,""y"":150}},{""rect"":{""x"":0,""y"":0,""width"":390,""height"":844},""offset"":{""y"":-91,""x"":0}}]"
54,40,1771569241.642405,0,"[{""rect"":{""x"":0,""width"":390,""y"":150,""height"":611},""offset"":{""y"":0,""x"":390}},{""rect"":{""x"":0,""y"":0,""height"":844,""width"":390},""offset"":{""y"":-91,""x"":0}}]"
55,41,1771569242.658587,0,"[{""rect"":{""y"":150,""width"":390,""x"":0,""height"":611},""offset"":{""x"":390,""y"":0}},{""rect"":{""x"":0,""y"":0,""width"":390,""height"":844},""offset"":{""x"":0,""y"":-91}}]"
56,42,1771569243.675184,0,"[{""rect"":{""y"":150,""height"":611,""x"":0,""width"":390},""offset"":{""x"":390,""y"":0}},{""rect"":{""height"":844,""y"":0,""width"":390,""x"":0},""offset"":{""y"":-91,""x"":0}}]"
57,43,1771569244.675209,0,"[{""rect"":{""height"":611,""x"":0,""y"":150,""width"":390},""offset"":{""x"":390,""y"":0}},{""rect"":{""x"":0,""y"":0,""height"":844,""width"":390},""offset"":{""x"":0,""y"":-91}}]"
58,44,1771569245.675232,0,"[{""rect"":{""width"":390,""y"":150,""height"":611,""x"":0},""offset"":{""x"":390,""y"":0}},{""rect"":{""x"":0,""height"":844,""width"":390,""y"":0},""offset"":{""y"":-91,""x"":0}}]"
59,44,1771569246.675768,0,"[{""rect"":{""y"":150,""width"":390,""height"":611,""x"":0},""offset"":{""x"":390,""y"":0}},{""offset"":{""y"":-91,""x"":0},""rect"":{""height"":844,""width"":390,""x"":0,""y"":0}}]"
60,44,1771569247.692486,0,"[{""offset"":{""x"":390,""y"":0},""rect"":{""height"":611,""y"":150,""x"":0,""width"":390}},{""offset"":{""y"":-91,""x"":0},""rect"":{""x"":0,""width"":390,""y"":0,""height"":844}}]"
61,45,1771569248.7086082,0,"[{""rect"":{""y"":150,""height"":611,""width"":390,""x"":0},""offset"":{""x"":390,""y"":0}},{""offset"":{""x"":0,""y"":-91},""rect"":{""x"":0,""height"":844,""y"":0,""width"":390}}]"
62,45,1771569249.709178,0,"[{""rect"":{""y"":150,""x"":0,""height"":611,""width"":390},""offset"":{""y"":0,""x"":390}},{""offset"":{""x"":0,""y"":-91},""rect"":{""width"":390,""y"":0,""x"":0,""height"":844}}]"
63,46,1771569250.713846,0,"[{""offset"":{""x"":390,""y"":0},""rect"":{""x"":0,""y"":150,""width"":390,""height"":611}},{""offset"":{""x"":0,""y"":-91},""rect"":{""height"":844,""x"":0,""y"":0,""width"":390}}]"
64,47,1771569251.7252831,0,"[{""rect"":{""height"":611,""width"":390,""x"":0,""y"":150},""offset"":{""x"":390,""y"":0}},{""offset"":{""x"":0,""y"":-91},""rect"":{""width"":390,""y"":0,""x"":0,""height"":844}}]"
65,48,1771569252.725309,0,"[{""rect"":{""x"":0,""height"":611,""y"":150,""width"":390},""offset"":{""y"":0,""x"":390}},{""offset"":{""x"":0,""y"":-91},""rect"":{""height"":844,""y"":0,""width"":390,""x"":0}}]"
66,49,1771569253.7255301,0,"[{""rect"":{""x"":0,""width"":390,""y"":150,""height"":611},""offset"":{""y"":0,""x"":390}},{""offset"":{""y"":-91,""x"":0},""rect"":{""y"":0,""height"":844,""x"":0,""width"":390}}]"
67,50,1771569254.741973,0,"[{""rect"":{""y"":150,""height"":611,""width"":390,""x"":0},""offset"":{""y"":0,""x"":390}},{""offset"":{""x"":0,""y"":-91},""rect"":{""height"":844,""width"":390,""y"":0,""x"":0}}]"
68,50,1771569255.74248,0,"[{""offset"":{""x"":390,""y"":0},""rect"":{""x"":0,""height"":611,""width"":390,""y"":150}},{""rect"":{""width"":390,""height"":844,""x"":0,""y"":0},""offset"":{""y"":-91,""x"":0}}]"
69,51,1771569256.758579,0,"[{""offset"":{""x"":390,""y"":0},""rect"":{""height"":611,""x"":0,""width"":390,""y"":150}},{""offset"":{""x"":0,""y"":-91},""rect"":{""x"":0,""y"":0,""width"":390,""height"":844}}]"
70,51,1771569257.759142,0,"[{""rect"":{""y"":150,""width"":390,""height"":611,""x"":0},""offset"":{""y"":0,""x"":390}},{""rect"":{""height"":844,""x"":0,""width"":390,""y"":0},""offset"":{""x"":0,""y"":-91}}]"
71,52,1771569258.775255,0,"[{""rect"":{""height"":611,""x"":0,""y"":150,""width"":390},""offset"":{""y"":0,""x"":390}},{""rect"":{""x"":0,""y"":0,""width"":390,""height"":844},""offset"":{""x"":0,""y"":-91}}]"
72,53,1771569259.80857,0,"[{""offset"":{""x"":390,""y"":0},""rect"":{""x"":0,""y"":150,""height"":611,""width"":390}},{""offset"":{""y"":-91,""x"":0},""rect"":{""x"":0,""y"":0,""height"":844,""width"":390}}]"
73,54,1771569260.8252258,0,"[{""rect"":{""x"":0,""y"":150,""width"":390,""height"":611},""offset"":{""y"":0,""x"":390}}]"
74,55,1771569262.825858,0,"[]"
75,55,1771569263.842515,0,"[]"
76,55,1771569264.8591928,0,"[]"
77,56,1771569265.875231,0,"[]"
78,56,1771569266.875268,0,"[]"
79,57,1771569267.8752851,0,"[{""offset"":{""x"":0,""y"":-91},""rect"":{""y"":0,""width"":390,""height"":844,""x"":0}}]"
80,58,1771569268.875317,0,"[]"
81,59,1771569269.875334,0,"[]"
82,60,1771569270.876518,0,"[]"
83,61,1771569271.891993,0,"[]"
84,62,1771569272.892044,0,"[]"
85,63,1771569273.892612,0,"[]"
86,64,1771569274.909231,0,"[]"
87,65,1771569275.909247,0,"[]"
88,65,1771569276.9253469,0,"[]"
89,66,1771569277.925345,0,"[]"
90,67,1771569278.9259582,0,"[]"
91,68,1771569279.942018,0,"[]"
92,69,1771569280.958737,0,"[]"
93,70,1771569281.975352,0,"[]"
94,71,1771569282.992639,0,"[{""offset"":{""x"":0,""y"":-16},""rect"":{""y"":861.75704295188189,""height"":679,""x"":0,""width"":390}}]"
95,72,1771569284.013355,0,"[{""rect"":{""x"":0,""y"":165,""width"":390,""height"":679},""offset"":{""x"":0,""y"":-16}}]"
96,72,1771569285.025487,0,"[{""rect"":{""height"":679,""x"":0,""width"":390,""y"":165},""offset"":{""y"":-16,""x"":0}}]"
97,73,1771569286.042004,0,"[{""rect"":{""width"":390,""height"":731,""y"":113,""x"":0},""offset"":{""x"":0,""y"":414}}]"
98,74,1771569287.042057,0,"[{""offset"":{""x"":0,""y"":655},""rect"":{""width"":390,""x"":0,""height"":731,""y"":113}}]"
99,75,1771569288.0426369,0,"[{""offset"":{""x"":0,""y"":652.66666666666663},""rect"":{""width"":390,""height"":731,""y"":113,""x"":0}}]"
100,76,1771569289.058703,0,"[{""offset"":{""y"":652.66666666666663,""x"":0},""rect"":{""height"":731,""x"":0,""width"":390,""y"":113}}]"
101,77,1771569290.068499,0,"[{""rect"":{""y"":113,""x"":0,""width"":390,""height"":731},""offset"":{""x"":0,""y"":652.66666666666663}}]"
102,77,1771569291.07593,0,"[{""rect"":{""y"":113,""height"":731,""width"":390,""x"":0},""offset"":{""x"":0,""y"":652.66666666666663}}]"
103,78,1771569292.092054,0,"[{""offset"":{""y"":652.66666666666663,""x"":0},""rect"":{""y"":878.30460745096207,""height"":731,""x"":0,""width"":390}}]"
104,79,1771569293.108745,0,"[]"
105,80,1771569294.125449,0,"[{""offset"":{""x"":0,""y"":-91},""rect"":{""width"":390,""y"":0,""x"":0,""height"":844}},{""rect"":{""height"":844,""width"":390,""x"":0,""y"":0},""offset"":{""x"":0,""y"":-91}}]"
106,81,1771569295.125951,0,"[{""rect"":{""height"":844,""width"":390,""y"":0,""x"":0},""offset"":{""y"":-91,""x"":0}},{""offset"":{""x"":0,""y"":-91},""rect"":{""y"":0,""x"":0,""width"":390,""height"":844}}]"
107,82,1771569296.125962,0,"[{""offset"":{""y"":-91,""x"":0},""rect"":{""x"":0,""y"":0,""height"":844,""width"":390}},{""offset"":{""x"":390,""y"":0},""rect"":{""width"":390,""height"":800,""x"":0,""y"":447.33333333333326}},{""rect"":{""y"":0,""x"":0,""height"":844,""width"":390},""offset"":{""y"":-91,""x"":0}}]"
108,83,1771569297.142086,0,"[{""offset"":{""y"":-91,""x"":0},""rect"":{""x"":0,""height"":844,""width"":390,""y"":0}},{""rect"":{""x"":0,""y"":447.33333333333326,""width"":390,""height"":800},""offset"":{""x"":734.33333333333337,""y"":0}},{""offset"":{""x"":16,""y"":0},""rect"":{""y"":403.33333333333326,""height"":44,""x"":0,""width"":390}},{""rect"":{""y"":0,""height"":844,""width"":390,""x"":0},""offset"":{""x"":0,""y"":-91}}]"
109,84,1771569298.142107,0,"[{""rect"":{""height"":844,""x"":0,""width"":390,""y"":0},""offset"":{""x"":0,""y"":-91}},{""rect"":{""width"":390,""x"":0,""y"":447.33333333333326,""height"":800},""offset"":{""x"":1100.3333333333333,""y"":0}},{""rect"":{""y"":403.33333333333326,""width"":390,""height"":44,""x"":0},""offset"":{""y"":0,""x"":18}},{""offset"":{""x"":0,""y"":-91},""rect"":{""y"":0,""x"":0,""height"":844,""width"":390}}]"
110,85,1771569299.147254,0,"[{""offset"":{""y"":-91,""x"":0},""rect"":{""width"":390,""x"":0,""height"":844,""y"":0}},{""rect"":{""x"":0,""height"":800,""width"":390,""y"":447.33333333333326},""offset"":{""y"":0,""x"":1170}},{""rect"":{""x"":0,""y"":403.33333333333326,""width"":390,""height"":44},""offset"":{""y"":0,""x"":18}},{""rect"":{""x"":0,""y"":0,""height"":844,""width"":390},""offset"":{""y"":-91,""x"":0}}]"
111,86,1771569300.15876,0,"[{""rect"":{""x"":0,""y"":0,""height"":844,""width"":390},""offset"":{""x"":0,""y"":-91}},{""offset"":{""x"":1170,""y"":0},""rect"":{""y"":447.33333333333326,""x"":0,""height"":800,""width"":390}},{""rect"":{""width"":390,""x"":0,""y"":403.33333333333326,""height"":44},""offset"":{""x"":18,""y"":0}},{""offset"":{""y"":-91,""x"":0},""rect"":{""x"":0,""y"":0,""width"":390,""height"":844}}]"
112,86,1771569301.17543,0,"[{""rect"":{""x"":0,""y"":0,""height"":844,""width"":390},""offset"":{""y"":-91,""x"":0}},{""rect"":{""y"":447.33333333333326,""height"":800,""x"":0,""width"":390},""offset"":{""y"":0,""x"":1170}},{""offset"":{""x"":18,""y"":0},""rect"":{""x"":0,""y"":403.33333333333326,""width"":390,""height"":44}},{""rect"":{""width"":390,""x"":0,""y"":0,""height"":844},""offset"":{""x"":0,""y"":-91}}]"
113,86,1771569302.176063,0,"[{""rect"":{""y"":0,""height"":844,""x"":0,""width"":390},""offset"":{""x"":0,""y"":-91}},{""offset"":{""x"":1170,""y"":0},""rect"":{""x"":0,""y"":447.33333333333326,""height"":800,""width"":390}},{""offset"":{""x"":18,""y"":0},""rect"":{""width"":390,""x"":0,""y"":403.33333333333326,""height"":44}},{""offset"":{""x"":0,""y"":-91},""rect"":{""x"":0,""y"":0,""width"":390,""height"":844}}]"
114,87,1771569303.1779451,0,"[{""offset"":{""y"":-91,""x"":0},""rect"":{""width"":390,""x"":0,""y"":0,""height"":844}},{""rect"":{""width"":390,""y"":447.33333333333326,""x"":0,""height"":800},""offset"":{""x"":1170,""y"":0}},{""rect"":{""height"":44,""width"":390,""x"":0,""y"":403.33333333333326},""offset"":{""x"":18,""y"":0}},{""rect"":{""x"":0,""width"":390,""height"":844,""y"":0},""offset"":{""y"":-91,""x"":0}}]"
115,88,1771569304.192655,0,"[{""offset"":{""y"":-91,""x"":0},""rect"":{""x"":0,""width"":390,""y"":0,""height"":844}},{""offset"":{""x"":1170,""y"":0},""rect"":{""x"":0,""width"":390,""y"":447.33333333333326,""height"":800}},{""offset"":{""x"":18,""y"":0},""rect"":{""height"":44,""width"":390,""x"":0,""y"":403.33333333333326}},{""offset"":{""x"":0,""y"":-91},""rect"":{""height"":844,""x"":0,""width"":390,""y"":0}}]"
116,88,1771569305.192682,0,"[{""offset"":{""y"":-91,""x"":0},""rect"":{""y"":0,""height"":844,""x"":0,""width"":390}},{""offset"":{""x"":1170,""y"":0},""rect"":{""y"":447.33333333333326,""width"":390,""height"":800,""x"":0}},{""offset"":{""x"":18,""y"":0},""rect"":{""x"":0,""y"":403.33333333333326,""width"":390,""height"":44}},{""rect"":{""width"":390,""x"":0,""y"":0,""height"":844},""offset"":{""y"":-91,""x"":0}}]"
117,89,1771569306.208765,0,"[{""offset"":{""y"":-91,""x"":0},""rect"":{""y"":47,""width"":358,""x"":16,""height"":774.74871794871797}},{""offset"":{""x"":1170,""y"":0},""rect"":{""y"":457.62905982905977,""width"":358,""height"":734.35897435897436,""x"":16}},{""rect"":{""x"":16,""y"":417.23931623931617,""width"":358,""height"":40.389743589743603},""offset"":{""y"":0,""x"":18}},{""rect"":{""height"":774.74871794871797,""x"":16,""width"":358,""y"":47},""offset"":{""x"":0,""y"":-91}},{""offset"":{""x"":0,""y"":-56},""rect"":{""x"":0,""width"":390,""y"":57,""height"":787}}]"
118,90,1771569307.2254,0,"[{""offset"":{""x"":0,""y"":-91},""rect"":{""width"":358,""x"":16,""y"":47,""height"":774.74871794871797}},{""rect"":{""x"":16,""height"":734.35897435897436,""y"":457.62905982905977,""width"":358},""offset"":{""y"":0,""x"":1170}},{""offset"":{""x"":18,""y"":0},""rect"":{""height"":40.389743589743603,""width"":358,""y"":417.23931623931617,""x"":16}},{""offset"":{""y"":-91,""x"":0},""rect"":{""y"":47,""x"":16,""width"":358,""height"":774.74871794871797}},{""offset"":{""x"":0,""y"":-56},""rect"":{""y"":57,""width"":390,""height"":787,""x"":0}}]"
119,91,1771569309.24211,0,"[{""rect"":{""height"":774.74871794871797,""x"":16,""width"":358,""y"":47},""offset"":{""y"":-91,""x"":0}},{""rect"":{""x"":16,""y"":457.62905982905977,""width"":358,""height"":734.35897435897436},""offset"":{""x"":1170,""y"":0}},{""offset"":{""y"":0,""x"":18},""rect"":{""y"":417.23931623931617,""width"":358,""height"":40.389743589743603,""x"":16}},{""rect"":{""y"":47,""width"":358,""x"":16,""height"":774.74871794871797},""offset"":{""x"":0,""y"":-91}},{""rect"":{""y"":57,""width"":390,""height"":787,""x"":0},""offset"":{""x"":0,""y"":-56}}]"
120,92,1771569310.242124,0,"[{""rect"":{""y"":47,""height"":774.74871794871797,""x"":16,""width"":358},""offset"":{""x"":0,""y"":-91}},{""offset"":{""x"":1170,""y"":0},""rect"":{""width"":358,""y"":457.62905982905977,""x"":16,""height"":734.35897435897436}},{""rect"":{""x"":16,""y"":417.23931623931617,""width"":358,""height"":40.389743589743603},""offset"":{""x"":18,""y"":0}},{""rect"":{""height"":774.74871794871797,""width"":358,""y"":47,""x"":16},""offset"":{""y"":-91,""x"":0}},{""rect"":{""x"":0,""y"":57,""width"":390,""height"":787},""offset"":{""x"":0,""y"":-56}}]"
121,92,1771569311.2427402,0,"[{""rect"":{""y"":47,""x"":16,""height"":774.74871794871797,""width"":358},""offset"":{""y"":-91,""x"":0}},{""rect"":{""x"":16,""y"":457.62905982905977,""width"":358,""height"":734.35897435897436},""offset"":{""x"":1170,""y"":0}},{""rect"":{""height"":40.389743589743603,""width"":358,""y"":417.23931623931617,""x"":16},""offset"":{""y"":0,""x"":18}},{""rect"":{""x"":16,""y"":47,""width"":358,""height"":774.74871794871797},""offset"":{""x"":0,""y"":-91}},{""rect"":{""width"":390,""y"":57,""x"":0,""height"":787},""offset"":{""y"":-56,""x"":0}}]"
122,92,1771569312.258772,0,"[{""offset"":{""x"":0,""y"":-91},""rect"":{""y"":47,""width"":358,""height"":774.74871794871797,""x"":16}},{""rect"":{""y"":457.62905982905977,""width"":358,""x"":16,""height"":734.35897435897436},""offset"":{""x"":1170,""y"":0}},{""offset"":{""y"":0,""x"":18},""rect"":{""y"":417.23931623931617,""width"":358,""height"":40.389743589743603,""x"":16}},{""offset"":{""x"":0,""y"":-91},""rect"":{""x"":16,""y"":47,""width"":358,""height"":774.74871794871797}},{""rect"":{""height"":787,""x"":0,""width"":390,""y"":57},""offset"":{""x"":0,""y"":-56}}]"
123,93,1771569313.2594628,0,"[{""rect"":{""y"":47,""x"":16,""width"":358,""height"":774.74871794871797},""offset"":{""x"":0,""y"":-91}},{""rect"":{""y"":457.62905982905977,""height"":734.35897435897436,""width"":358,""x"":16},""offset"":{""y"":0,""x"":1170}},{""rect"":{""y"":417.23931623931617,""width"":358,""height"":40.389743589743603,""x"":16},""offset"":{""y"":0,""x"":18}},{""rect"":{""width"":358,""y"":47,""x"":16,""height"":774.74871794871797},""offset"":{""x"":0,""y"":-91}},{""offset"":{""y"":96,""x"":0},""rect"":{""x"":0,""y"":57,""width"":390,""height"":787}}]"
124,94,1771569314.2754889,0,"[{""offset"":{""y"":-91,""x"":0},""rect"":{""x"":16,""y"":47,""width"":358,""height"":774.74871794871797}},{""offset"":{""x"":1170,""y"":0},""rect"":{""x"":16,""height"":734.35897435897436,""width"":358,""y"":457.62905982905977}},{""offset"":{""x"":18,""y"":0},""rect"":{""height"":40.389743589743603,""y"":417.23931623931617,""x"":16,""width"":358}},{""offset"":{""x"":0,""y"":-91},""rect"":{""x"":16,""width"":358,""height"":774.74871794871797,""y"":47}},{""offset"":{""y"":148,""x"":0},""rect"":{""x"":0,""y"":57,""width"":390,""height"":787}}]"
125,95,1771569315.276301,0,"[{""offset"":{""y"":-91,""x"":0},""rect"":{""y"":47,""x"":16,""width"":358,""height"":774.74871794871797}},{""rect"":{""y"":457.62905982905977,""width"":358,""height"":734.35897435897436,""x"":16},""offset"":{""x"":1170,""y"":0}},{""rect"":{""y"":417.23931623931617,""height"":40.389743589743603,""width"":358,""x"":16},""offset"":{""x"":18,""y"":0}},{""offset"":{""y"":-91,""x"":0},""rect"":{""height"":774.74871794871797,""width"":358,""y"":47,""x"":16}},{""offset"":{""x"":0,""y"":116.66666666666667},""rect"":{""x"":0,""y"":57,""width"":390,""height"":787}}]"
126,96,1771569316.2921162,0,"[{""offset"":{""x"":0,""y"":-91},""rect"":{""x"":16,""width"":358,""height"":774.74871794871797,""y"":47}},{""rect"":{""height"":734.35897435897436,""y"":457.62905982905977,""x"":16,""width"":358},""offset"":{""y"":0,""x"":1170}},{""rect"":{""x"":16,""height"":40.389743589743603,""width"":358,""y"":417.23931623931617},""offset"":{""y"":0,""x"":18}},{""rect"":{""x"":16,""y"":47,""width"":358,""height"":774.74871794871797},""offset"":{""x"":0,""y"":-91}},{""rect"":{""x"":0,""y"":57,""width"":390,""height"":787},""offset"":{""y"":45,""x"":0}}]"
127,97,1771569317.292138,0,"[{""offset"":{""y"":-91,""x"":0},""rect"":{""x"":16,""height"":774.74871794871797,""y"":47,""width"":358}},{""rect"":{""y"":457.62905982905977,""width"":358,""height"":734.35897435897436,""x"":16},""offset"":{""y"":0,""x"":1170}},{""rect"":{""x"":16,""y"":417.23931623931617,""width"":358,""height"":40.389743589743603},""offset"":{""x"":18,""y"":0}},{""offset"":{""x"":0,""y"":-91},""rect"":{""x"":16,""y"":47,""width"":358,""height"":774.74871794871797}},{""rect"":{""x"":0,""y"":57,""height"":787,""width"":390},""offset"":{""y"":31.666666666666668,""x"":0}}]"
128,98,1771569318.29221,0,"[{""offset"":{""x"":0,""y"":-91},""rect"":{""x"":16,""y"":47,""width"":358,""height"":774.74871794871797}},{""rect"":{""y"":457.62905982905977,""height"":734.35897435897436,""x"":16,""width"":358},""offset"":{""y"":0,""x"":1170}},{""offset"":{""x"":18,""y"":0},""rect"":{""width"":358,""y"":417.23931623931617,""x"":16,""height"":40.389743589743603}},{""rect"":{""y"":47,""width"":358,""height"":774.74871794871797,""x"":16},""offset"":{""x"":0,""y"":-91}},{""offset"":{""x"":0,""y"":31.666666666666668},""rect"":{""x"":0,""y"":57,""height"":787,""width"":390}}]"
129,99,1771569319.308872,0,"[{""rect"":{""x"":16,""y"":47,""width"":358,""height"":774.74871794871797},""offset"":{""x"":0,""y"":-91}},{""rect"":{""width"":358,""height"":734.35897435897436,""x"":16,""y"":457.62905982905977},""offset"":{""y"":0,""x"":1170}},{""rect"":{""x"":16,""height"":40.389743589743603,""y"":417.23931623931617,""width"":358},""offset"":{""x"":18,""y"":0}},{""offset"":{""y"":-91,""x"":0},""rect"":{""y"":47,""width"":358,""height"":774.74871794871797,""x"":16}},{""offset"":{""y"":31.666666666666668,""x"":0},""rect"":{""x"":0,""y"":57,""height"":787,""width"":390}}]"
130,100,1771569320.325506,0,"[{""offset"":{""x"":0,""y"":-91},""rect"":{""y"":47,""x"":16,""width"":358,""height"":774.74871794871797}},{""offset"":{""y"":0,""x"":1170},""rect"":{""height"":734.35897435897436,""width"":358,""y"":457.62905982905977,""x"":16}},{""rect"":{""y"":417.23931623931617,""height"":40.389743589743603,""width"":358,""x"":16},""offset"":{""y"":0,""x"":18}},{""rect"":{""y"":47,""width"":358,""height"":774.74871794871797,""x"":16},""offset"":{""x"":0,""y"":-91}},{""rect"":{""x"":0,""height"":787,""y"":57,""width"":390},""offset"":{""y"":-56,""x"":0}}]"
131,101,1771569321.3421578,0,"[{""rect"":{""y"":47,""x"":16,""height"":774.74871794871797,""width"":358},""offset"":{""y"":-91,""x"":0}},{""offset"":{""x"":1170,""y"":0},""rect"":{""x"":16,""y"":457.62905982905977,""width"":358,""height"":734.35897435897436}},{""offset"":{""y"":0,""x"":18},""rect"":{""height"":40.389743589743603,""width"":358,""y"":417.23931623931617,""x"":16}},{""rect"":{""width"":358,""y"":47,""x"":16,""height"":774.74871794871797},""offset"":{""x"":0,""y"":-91}},{""offset"":{""x"":0,""y"":-56},""rect"":{""x"":0,""height"":787,""y"":57,""width"":390}}]"
132,101,1771569322.342177,0,"[{""rect"":{""height"":774.74871794871797,""x"":16,""width"":358,""y"":47},""offset"":{""x"":0,""y"":-91}},{""offset"":{""x"":1170,""y"":0},""rect"":{""height"":734.35897435897436,""x"":16,""width"":358,""y"":457.62905982905977}},{""rect"":{""width"":358,""y"":417.23931623931617,""x"":16,""height"":40.389743589743603},""offset"":{""x"":18,""y"":0}},{""rect"":{""height"":774.74871794871797,""x"":16,""y"":47,""width"":358},""offset"":{""x"":0,""y"":-91}},{""offset"":{""y"":-56,""x"":0},""rect"":{""x"":0,""width"":390,""y"":57,""height"":787}}]"
133,101,1771569323.358831,0,"[{""rect"":{""x"":16,""y"":47,""width"":358,""height"":774.74871794871797},""offset"":{""y"":-91,""x"":0}},{""offset"":{""x"":1170,""y"":0},""rect"":{""height"":734.35897435897436,""y"":457.62905982905977,""width"":358,""x"":16}},{""offset"":{""y"":0,""x"":18},""rect"":{""width"":358,""x"":16,""height"":40.389743589743603,""y"":417.23931623931617}},{""rect"":{""width"":358,""y"":47,""x"":16,""height"":774.74871794871797},""offset"":{""y"":-91,""x"":0}},{""rect"":{""width"":390,""y"":57,""height"":787,""x"":0},""offset"":{""x"":0,""y"":-56}}]"
134,101,1771569324.3755121,0,"[{""offset"":{""x"":0,""y"":-91},""rect"":{""x"":16,""width"":358,""height"":774.74871794871797,""y"":47}},{""offset"":{""y"":0,""x"":1170},""rect"":{""width"":358,""y"":457.62905982905977,""x"":16,""height"":734.35897435897436}},{""rect"":{""width"":358,""x"":16,""y"":417.23931623931617,""height"":40.389743589743603},""offset"":{""y"":0,""x"":18}},{""offset"":{""y"":-91,""x"":0},""rect"":{""x"":16,""width"":358,""y"":47,""height"":774.74871794871797}},{""rect"":{""y"":57,""x"":0,""width"":390,""height"":787},""offset"":{""x"":0,""y"":-56}}]"
135,102,1771569326.3921928,0,"[{""rect"":{""width"":358,""y"":47,""x"":16,""height"":774.74871794871797},""offset"":{""y"":-91,""x"":0}},{""offset"":{""x"":1170,""y"":0},""rect"":{""height"":734.35897435897436,""x"":16,""y"":457.62905982905977,""width"":358}},{""rect"":{""x"":16,""width"":358,""height"":40.389743589743603,""y"":417.23931623931617},""offset"":{""x"":18,""y"":0}},{""offset"":{""y"":-91,""x"":0},""rect"":{""x"":16,""height"":774.74871794871797,""y"":47,""width"":358}},{""offset"":{""x"":0,""y"":-56},""rect"":{""x"":0,""y"":57,""width"":390,""height"":787}}]"
136,103,1771569327.408813,0,"[{""rect"":{""y"":47,""x"":16,""width"":358,""height"":774.74871794871797},""offset"":{""x"":0,""y"":-91}},{""rect"":{""width"":358,""x"":16,""y"":457.62905982905977,""height"":734.35897435897436},""offset"":{""y"":0,""x"":1170}},{""rect"":{""width"":358,""height"":40.389743589743603,""x"":16,""y"":417.23931623931617},""offset"":{""x"":18,""y"":0}},{""offset"":{""x"":0,""y"":-91},""rect"":{""x"":16,""height"":774.74871794871797,""y"":47,""width"":358}},{""offset"":{""y"":-56,""x"":0},""rect"":{""width"":390,""y"":57,""height"":787,""x"":0}}]"
137,104,1771569328.41086,0,"[{""rect"":{""x"":16,""y"":47,""width"":358,""height"":774.74871794871797},""offset"":{""x"":0,""y"":-91}},{""rect"":{""width"":358,""height"":734.35897435897436,""x"":16,""y"":457.62905982905977},""offset"":{""y"":0,""x"":1170}},{""rect"":{""width"":358,""y"":417.23931623931617,""height"":40.389743589743603,""x"":16},""offset"":{""x"":18,""y"":0}},{""rect"":{""x"":16,""y"":47,""width"":358,""height"":774.74871794871797},""offset"":{""x"":0,""y"":-91}},{""offset"":{""x"":0,""y"":38.666666666666664},""rect"":{""x"":0,""width"":390,""height"":787,""y"":57}}]"
138,105,1771569329.425586,0,"[{""rect"":{""width"":358,""x"":16,""y"":47,""height"":774.74871794871797},""offset"":{""x"":0,""y"":-91}},{""offset"":{""y"":0,""x"":1170},""rect"":{""height"":734.35897435897436,""x"":16,""width"":358,""y"":457.62905982905977}},{""rect"":{""width"":358,""y"":417.23931623931617,""x"":16,""height"":40.389743589743603},""offset"":{""x"":18,""y"":0}},{""offset"":{""x"":0,""y"":-91},""rect"":{""x"":16,""width"":358,""y"":47,""height"":774.74871794871797}},{""rect"":{""y"":57,""width"":390,""x"":0,""height"":787},""offset"":{""x"":0,""y"":-56}}]"
139,106,1771569330.442266,0,"[{""rect"":{""height"":774.74871794871797,""y"":47,""width"":358,""x"":16},""offset"":{""y"":-91,""x"":0}},{""offset"":{""x"":1170,""y"":0},""rect"":{""x"":16,""y"":457.62905982905977,""width"":358,""height"":734.35897435897436}},{""offset"":{""y"":0,""x"":18},""rect"":{""x"":16,""width"":358,""y"":417.23931623931617,""height"":40.389743589743603}},{""rect"":{""y"":47,""height"":774.74871794871797,""x"":16,""width"":358},""offset"":{""x"":0,""y"":-91}},{""rect"":{""y"":57,""x"":0,""width"":390,""height"":787},""offset"":{""x"":0,""y"":-56}}]"
140,107,1771569331.4422889,0,"[{""rect"":{""x"":16,""width"":358,""height"":774.74871794871797,""y"":47},""offset"":{""y"":-91,""x"":0}},{""rect"":{""width"":358,""y"":457.62905982905977,""x"":16,""height"":734.35897435897436},""offset"":{""x"":1170,""y"":0}},{""offset"":{""x"":18,""y"":0},""rect"":{""height"":40.389743589743603,""x"":16,""y"":417.23931623931617,""width"":358}},{""offset"":{""y"":-91,""x"":0},""rect"":{""x"":16,""height"":774.74871794871797,""y"":47,""width"":358}},{""rect"":{""height"":787,""y"":57,""width"":390,""x"":0},""offset"":{""x"":0,""y"":-56}}]"
141,108,1771569332.4588861,0,"[{""rect"":{""x"":16,""y"":47,""width"":358,""height"":774.74871794871797},""offset"":{""x"":0,""y"":-91}},{""rect"":{""x"":16,""width"":358,""height"":734.35897435897436,""y"":457.62905982905977},""offset"":{""x"":1170,""y"":0}},{""rect"":{""x"":16,""y"":417.23931623931617,""height"":40.389743589743603,""width"":358},""offset"":{""x"":18,""y"":0}},{""rect"":{""height"":774.74871794871797,""x"":16,""y"":47,""width"":358},""offset"":{""x"":0,""y"":-91}},{""offset"":{""x"":0,""y"":-56},""rect"":{""x"":-2.3210012912750244,""height"":787,""y"":57,""width"":390}},{""rect"":{""width"":390,""y"":57,""x"":382.26332902908325,""height"":787},""offset"":{""y"":-56,""x"":0}}]"
142,109,1771569333.475533,0,"[{""rect"":{""y"":47,""x"":16,""width"":358,""height"":774.74871794871797},""offset"":{""y"":-91,""x"":0}},{""rect"":{""height"":734.35897435897436,""x"":16,""width"":358,""y"":457.62905982905977},""offset"":{""x"":1170,""y"":0}},{""rect"":{""x"":16,""y"":417.23931623931617,""width"":358,""height"":40.389743589743603},""offset"":{""y"":0,""x"":18}},{""offset"":{""x"":0,""y"":-91},""rect"":{""y"":47,""x"":16,""width"":358,""height"":774.74871794871797}},{""offset"":{""y"":-56,""x"":0},""rect"":{""x"":0,""y"":57,""height"":787,""width"":390}}]"
143,109,1771569334.475737,0,"[{""offset"":{""y"":-91,""x"":0},""rect"":{""height"":774.74871794871797,""y"":47,""width"":358,""x"":16}},{""rect"":{""y"":457.62905982905977,""x"":16,""height"":734.35897435897436,""width"":358},""offset"":{""x"":1170,""y"":0}},{""rect"":{""y"":417.23931623931617,""x"":16,""width"":358,""height"":40.389743589743603},""offset"":{""x"":18,""y"":0}},{""offset"":{""x"":0,""y"":-91},""rect"":{""y"":47,""height"":774.74871794871797,""x"":16,""width"":358}},{""offset"":{""y"":-56,""x"":0},""rect"":{""x"":0,""width"":390,""height"":787,""y"":57}}]"
144,110,1771569335.492292,0,"[{""offset"":{""x"":0,""y"":-91},""rect"":{""x"":16,""width"":358,""height"":774.74871794871797,""y"":47}},{""offset"":{""x"":1170,""y"":0},""rect"":{""width"":358,""height"":734.35897435897436,""y"":457.62905982905977,""x"":16}},{""rect"":{""height"":40.389743589743603,""x"":16,""y"":417.23931623931617,""width"":358},""offset"":{""y"":0,""x"":18}},{""rect"":{""width"":358,""y"":47,""x"":16,""height"":774.74871794871797},""offset"":{""x"":0,""y"":-91}},{""offset"":{""y"":-56,""x"":0},""rect"":{""y"":57,""x"":-116.633669257164,""width"":390,""height"":787}},{""offset"":{""x"":390,""y"":0},""rect"":{""x"":1.2211024761199951,""y"":156,""height"":688,""width"":390}}]"
145,111,1771569336.5089068,0,"[{""rect"":{""y"":47,""x"":16,""width"":358,""height"":774.74871794871797},""offset"":{""y"":-91,""x"":0}},{""rect"":{""y"":457.62905982905977,""height"":734.35897435897436,""x"":16,""width"":358},""offset"":{""x"":1170,""y"":0}},{""rect"":{""x"":16,""height"":40.389743589743603,""y"":417.23931623931617,""width"":358},""offset"":{""x"":18,""y"":0}},{""offset"":{""y"":-91,""x"":0},""rect"":{""height"":774.74871794871797,""y"":47,""width"":358,""x"":16}},{""offset"":{""x"":390,""y"":0},""rect"":{""y"":156,""width"":390,""height"":688,""x"":0}}]"
146,112,1771569337.5255442,0,"[{""rect"":{""width"":358,""y"":47,""x"":16,""height"":774.74871794871797},""offset"":{""x"":0,""y"":-91}},{""rect"":{""x"":16,""y"":457.62905982905977,""width"":358,""height"":734.35897435897436},""offset"":{""y"":0,""x"":1170}},{""offset"":{""x"":18,""y"":0},""rect"":{""x"":16,""y"":417.23931623931617,""width"":358,""height"":40.389743589743603}},{""offset"":{""y"":-91,""x"":0},""rect"":{""x"":16,""height"":774.74871794871797,""y"":47,""width"":358}},{""rect"":{""height"":688,""y"":156,""width"":390,""x"":0},""offset"":{""y"":0,""x"":390}}]"
147,113,1771569338.525567,0,"[{""offset"":{""y"":-91,""x"":0},""rect"":{""y"":47,""width"":358,""height"":774.74871794871797,""x"":16}},{""offset"":{""x"":1170,""y"":0},""rect"":{""height"":734.35897435897436,""width"":358,""y"":457.62905982905977,""x"":16}},{""rect"":{""x"":16,""y"":417.23931623931617,""width"":358,""height"":40.389743589743603},""offset"":{""x"":18,""y"":0}},{""offset"":{""x"":0,""y"":-91},""rect"":{""width"":358,""height"":774.74871794871797,""x"":16,""y"":47}},{""offset"":{""y"":0,""x"":390},""rect"":{""height"":688,""x"":0,""width"":390,""y"":156}}]"
148,114,1771569339.52559,0,"[{""offset"":{""x"":0,""y"":-91},""rect"":{""height"":774.74871794871797,""y"":47,""width"":358,""x"":16}},{""rect"":{""x"":16,""y"":457.62905982905977,""width"":358,""height"":734.35897435897436},""offset"":{""y"":0,""x"":1170}},{""offset"":{""y"":0,""x"":18},""rect"":{""y"":417.23931623931617,""height"":40.389743589743603,""width"":358,""x"":16}},{""rect"":{""x"":16,""height"":774.74871794871797,""y"":47,""width"":358},""offset"":{""x"":0,""y"":-91}},{""offset"":{""x"":0,""y"":-56},""rect"":{""x"":0,""width"":390,""height"":787,""y"":57}}]"
149,114,1771569340.542273,0,"[{""rect"":{""y"":47,""height"":774.74871794871797,""x"":16,""width"":358},""offset"":{""y"":-91,""x"":0}},{""offset"":{""y"":0,""x"":1170},""rect"":{""x"":16,""height"":734.35897435897436,""y"":457.62905982905977,""width"":358}},{""offset"":{""x"":18,""y"":0},""rect"":{""y"":417.23931623931617,""x"":16,""height"":40.389743589743603,""width"":358}},{""rect"":{""height"":774.74871794871797,""width"":358,""y"":47,""x"":16},""offset"":{""y"":-91,""x"":0}},{""rect"":{""height"":787,""x"":0,""y"":57,""width"":390},""offset"":{""y"":-56,""x"":0}}]"
150,115,1771569341.558998,0,"[{""rect"":{""x"":16,""y"":47,""height"":774.74871794871797,""width"":358},""offset"":{""y"":-91,""x"":0}},{""rect"":{""x"":16,""y"":457.62905982905977,""height"":734.35897435897436,""width"":358},""offset"":{""y"":0,""x"":1170}},{""rect"":{""y"":417.23931623931617,""height"":40.389743589743603,""x"":16,""width"":358},""offset"":{""y"":0,""x"":18}},{""offset"":{""y"":-91,""x"":0},""rect"":{""width"":358,""y"":47,""x"":16,""height"":774.74871794871797}},{""offset"":{""x"":0,""y"":-56},""rect"":{""width"":390,""y"":57,""height"":787,""x"":-116.8140242099762}}]"
151,116,1771569342.575605,0,"[{""rect"":{""width"":358,""height"":774.74871794871797,""x"":16,""y"":47},""offset"":{""y"":-91,""x"":0}},{""rect"":{""height"":734.35897435897436,""x"":16,""y"":457.62905982905977,""width"":358},""offset"":{""x"":1170,""y"":0}},{""offset"":{""y"":0,""x"":18},""rect"":{""height"":40.389743589743603,""width"":358,""y"":417.23931623931617,""x"":16}},{""offset"":{""x"":0,""y"":-91},""rect"":{""y"":47,""x"":16,""width"":358,""height"":774.74871794871797}},{""rect"":{""x"":-0.47667628526687622,""y"":57,""width"":390,""height"":787},""offset"":{""y"":-56,""x"":0}}]"
152,117,1771569343.5922441,0,"[{""offset"":{""x"":0,""y"":-91},""rect"":{""y"":47,""x"":16,""height"":774.74871794871797,""width"":358}},{""offset"":{""x"":1170,""y"":0},""rect"":{""y"":457.62905982905977,""x"":16,""width"":358,""height"":734.35897435897436}},{""rect"":{""height"":40.389743589743603,""width"":358,""y"":417.23931623931617,""x"":16},""offset"":{""y"":0,""x"":18}},{""rect"":{""height"":774.74871794871797,""x"":16,""y"":47,""width"":358},""offset"":{""x"":0,""y"":-91}},{""offset"":{""y"":-56,""x"":0},""rect"":{""width"":390,""height"":787,""y"":57,""x"":0}}]"
153,118,1771569344.592317,0,"[{""rect"":{""y"":47,""x"":16,""height"":774.74871794871797,""width"":358},""offset"":{""y"":-91,""x"":0}},{""offset"":{""y"":0,""x"":1170},""rect"":{""y"":457.62905982905977,""x"":16,""width"":358,""height"":734.35897435897436}},{""rect"":{""width"":358,""x"":16,""height"":40.389743589743603,""y"":417.23931623931617},""offset"":{""x"":18,""y"":0}},{""offset"":{""y"":-91,""x"":0},""rect"":{""height"":774.74871794871797,""y"":47,""width"":358,""x"":16}},{""offset"":{""x"":0,""y"":-56},""rect"":{""height"":787,""width"":390,""y"":57,""x"":0}}]"
154,119,1771569345.608937,0,"[{""rect"":{""y"":47,""width"":358,""height"":774.74871794871797,""x"":16},""offset"":{""x"":0,""y"":-91}},{""rect"":{""height"":734.35897435897436,""x"":16,""width"":358,""y"":457.62905982905977},""offset"":{""x"":1170,""y"":0}},{""rect"":{""width"":358,""x"":16,""height"":40.389743589743603,""y"":417.23931623931617},""offset"":{""x"":18,""y"":0}},{""rect"":{""width"":358,""x"":16,""y"":47,""height"":774.74871794871797},""offset"":{""x"":0,""y"":-91}},{""rect"":{""height"":787,""width"":390,""x"":0,""y"":57},""offset"":{""y"":-56,""x"":0}}]"
155,120,1771569346.609529,0,"[{""rect"":{""x"":16,""y"":47,""width"":358,""height"":774.74871794871797},""offset"":{""x"":0,""y"":-91}},{""rect"":{""x"":16,""height"":734.35897435897436,""width"":358,""y"":457.62905982905977},""offset"":{""y"":0,""x"":1170}},{""offset"":{""x"":18,""y"":0},""rect"":{""y"":417.23931623931617,""x"":16,""height"":40.389743589743603,""width"":358}},{""rect"":{""width"":358,""x"":16,""height"":774.74871794871797,""y"":47},""offset"":{""x"":0,""y"":-91}},{""offset"":{""y"":-56,""x"":0},""rect"":{""height"":787,""x"":0,""width"":390,""y"":57}}]"
156,121,1771569347.61133,0,"[{""rect"":{""x"":16,""y"":47,""width"":358,""height"":774.74871794871797},""offset"":{""x"":0,""y"":-91}},{""rect"":{""width"":358,""height"":734.35897435897436,""x"":16,""y"":457.62905982905977},""offset"":{""x"":1170,""y"":0}},{""offset"":{""x"":18,""y"":0},""rect"":{""width"":358,""x"":16,""y"":417.23931623931617,""height"":40.389743589743603}},{""rect"":{""y"":47,""width"":358,""x"":16,""height"":774.74871794871797},""offset"":{""x"":0,""y"":-91}},{""rect"":{""height"":787,""x"":0,""width"":390,""y"":57},""offset"":{""y"":-56,""x"":0}}]"
157,122,1771569348.625603,0,"[{""rect"":{""width"":358,""height"":774.74871794871797,""x"":16,""y"":47},""offset"":{""x"":0,""y"":-91}},{""rect"":{""width"":358,""x"":16,""height"":734.35897435897436,""y"":457.62905982905977},""offset"":{""y"":0,""x"":1170}},{""rect"":{""height"":40.389743589743603,""x"":16,""y"":417.23931623931617,""width"":358},""offset"":{""x"":18,""y"":0}},{""rect"":{""width"":358,""x"":16,""y"":47,""height"":774.74871794871797},""offset"":{""y"":-91,""x"":0}},{""rect"":{""height"":787,""y"":57,""width"":390,""x"":0},""offset"":{""y"":-56,""x"":0}}]"
158,123,1771569349.62619,0,"[{""rect"":{""y"":47,""width"":358,""height"":774.74871794871797,""x"":16},""offset"":{""y"":-91,""x"":0}},{""offset"":{""y"":0,""x"":1170},""rect"":{""height"":734.35897435897436,""y"":457.62905982905977,""width"":358,""x"":16}},{""rect"":{""width"":358,""height"":40.389743589743603,""x"":16,""y"":417.23931623931617},""offset"":{""x"":18,""y"":0}},{""offset"":{""x"":0,""y"":-91},""rect"":{""x"":16,""width"":358,""height"":774.74871794871797,""y"":47}},{""rect"":{""width"":390,""y"":57,""x"":0,""height"":787},""offset"":{""y"":-56,""x"":0}}]"
159,124,1771569350.642271,0,"[{""offset"":{""y"":-91,""x"":0},""rect"":{""width"":358,""height"":774.74871794871797,""y"":47,""x"":16}},{""offset"":{""x"":1170,""y"":0},""rect"":{""y"":457.62905982905977,""height"":734.35897435897436,""x"":16,""width"":358}},{""rect"":{""x"":16,""y"":417.23931623931617,""width"":358,""height"":40.389743589743603},""offset"":{""y"":0,""x"":18}},{""offset"":{""x"":0,""y"":-91},""rect"":{""y"":47,""x"":16,""width"":358,""height"":774.74871794871797}},{""rect"":{""y"":57,""width"":390,""height"":787,""x"":0},""offset"":{""y"":-56,""x"":0}}]"
160,125,1771569352.658988,0,"[{""offset"":{""y"":-91,""x"":0},""rect"":{""width"":358,""height"":774.74871794871797,""x"":16,""y"":47}},{""offset"":{""y"":0,""x"":1170},""rect"":{""y"":457.62905982905977,""height"":734.35897435897436,""x"":16,""width"":358}},{""offset"":{""x"":18,""y"":0},""rect"":{""width"":358,""x"":16,""height"":40.389743589743603,""y"":417.23931623931617}},{""rect"":{""x"":16,""height"":774.74871794871797,""width"":358,""y"":47},""offset"":{""x"":0,""y"":-91}},{""rect"":{""width"":390,""height"":787,""y"":57,""x"":0},""offset"":{""y"":-56,""x"":0}}]"
161,126,1771569353.6595058,0,"[{""offset"":{""x"":0,""y"":-91},""rect"":{""height"":774.74871794871797,""y"":47,""width"":358,""x"":16}},{""rect"":{""x"":16,""y"":457.62905982905977,""width"":358,""height"":734.35897435897436},""offset"":{""y"":0,""x"":1170}},{""offset"":{""x"":18,""y"":0},""rect"":{""x"":16,""height"":40.389743589743603,""y"":417.23931623931617,""width"":358}},{""rect"":{""height"":774.74871794871797,""x"":16,""y"":47,""width"":358},""offset"":{""x"":0,""y"":-91}},{""rect"":{""y"":57,""x"":0,""width"":390,""height"":787},""offset"":{""x"":0,""y"":-56}}]"
162,127,1771569354.6756182,0,"[{""rect"":{""height"":774.74871794871797,""x"":16,""width"":358,""y"":47},""offset"":{""y"":-91,""x"":0}},{""offset"":{""x"":1170,""y"":0},""rect"":{""height"":734.35897435897436,""y"":457.62905982905977,""width"":358,""x"":16}},{""rect"":{""x"":16,""height"":40.389743589743603,""y"":417.23931623931617,""width"":358},""offset"":{""x"":18,""y"":0}},{""offset"":{""y"":-91,""x"":0},""rect"":{""x"":16,""y"":47,""width"":358,""height"":774.74871794871797}},{""offset"":{""x"":0,""y"":-56},""rect"":{""y"":57,""x"":0,""width"":390,""height"":787}}]"
163,128,1771569355.692274,0,"[{""offset"":{""x"":0,""y"":-91},""rect"":{""x"":16,""height"":774.74871794871797,""y"":47,""width"":358}},{""rect"":{""y"":457.62905982905977,""x"":16,""width"":358,""height"":734.35897435897436},""offset"":{""y"":0,""x"":1170}},{""rect"":{""height"":40.389743589743603,""x"":16,""y"":417.23931623931617,""width"":358},""offset"":{""x"":18,""y"":0}},{""rect"":{""x"":16,""height"":774.74871794871797,""y"":47,""width"":358},""offset"":{""y"":-91,""x"":0}},{""offset"":{""x"":0,""y"":-56},""rect"":{""x"":0,""y"":57,""height"":787,""width"":390}}]"
164,129,1771569356.708953,0,"[{""rect"":{""x"":16,""y"":47,""height"":774.74871794871797,""width"":358},""offset"":{""x"":0,""y"":-91}},{""rect"":{""x"":16,""y"":457.62905982905977,""width"":358,""height"":734.35897435897436},""offset"":{""x"":1170,""y"":0}},{""offset"":{""x"":18,""y"":0},""rect"":{""height"":40.389743589743603,""width"":358,""y"":417.23931623931617,""x"":16}},{""offset"":{""x"":0,""y"":-91},""rect"":{""y"":47,""width"":358,""height"":774.74871794871797,""x"":16}},{""rect"":{""x"":0,""width"":390,""height"":787,""y"":57},""offset"":{""y"":-56,""x"":0}}]"
165,130,1771569357.70898,0,"[{""rect"":{""y"":0,""width"":390,""height"":844,""x"":0},""offset"":{""y"":-91,""x"":0}},{""offset"":{""y"":0,""x"":1170},""rect"":{""y"":447.33333333333326,""height"":800,""x"":0,""width"":390}},{""rect"":{""y"":403.33333333333326,""x"":0,""height"":44,""width"":390},""offset"":{""x"":18,""y"":0}},{""offset"":{""x"":0,""y"":-91},""rect"":{""y"":0,""x"":0,""width"":390,""height"":844}}]"
166,130,1771569358.725637,0,"[{""rect"":{""height"":844,""y"":0,""width"":390,""x"":0},""offset"":{""y"":-91,""x"":0}},{""offset"":{""y"":0,""x"":1170},""rect"":{""width"":390,""x"":0,""height"":800,""y"":447.33333333333326}},{""rect"":{""x"":0,""y"":403.33333333333326,""width"":390,""height"":44},""offset"":{""y"":0,""x"":18}},{""rect"":{""x"":0,""y"":0,""height"":844,""width"":390},""offset"":{""x"":0,""y"":-91}}]"
167,131,1771569359.7429318,0,"[{""rect"":{""y"":5.9625058025121689,""x"":2.0297892093658447,""height"":835.21465593484731,""width"":385.94042158126831},""offset"":{""x"":0,""y"":-91}},{""rect"":{""y"":448.63946799230871,""width"":385.94042158126831,""height"":791.67265965388378,""x"":2.0297892093658447},""offset"":{""y"":0,""x"":1170}},{""rect"":{""x"":2.0297892093658447,""y"":405.09747171134512,""width"":385.94042158126831,""height"":43.541996280963588},""offset"":{""x"":18,""y"":0}},{""rect"":{""x"":2.0297892093658447,""height"":835.21465593484731,""y"":5.9625058025121689,""width"":385.94042158126831},""offset"":{""y"":-91,""x"":0}},{""rect"":{""height"":787,""width"":390,""y"":744.15974326431751,""x"":0},""offset"":{""y"":-56,""x"":0}}]"
168,132,1771569360.759002,0,"[{""offset"":{""y"":-91,""x"":0},""rect"":{""width"":358,""x"":16,""y"":47,""height"":774.74871794871797}},{""rect"":{""width"":358,""height"":734.35897435897436,""x"":16,""y"":457.62905982905977},""offset"":{""y"":0,""x"":1170}},{""offset"":{""x"":18,""y"":0},""rect"":{""height"":40.389743589743603,""width"":358,""x"":16,""y"":417.23931623931617}},{""offset"":{""x"":0,""y"":-91},""rect"":{""y"":47,""width"":358,""height"":774.74871794871797,""x"":16}},{""offset"":{""x"":0,""y"":-56},""rect"":{""height"":787,""y"":57,""width"":390,""x"":0}}]"
169,133,1771569361.7792249,0,"[{""rect"":{""width"":358,""y"":47,""x"":16,""height"":774.74871794871797},""offset"":{""x"":0,""y"":-91}},{""rect"":{""height"":734.35897435897436,""width"":358,""y"":457.62905982905977,""x"":16},""offset"":{""x"":1170,""y"":0}},{""rect"":{""height"":40.389743589743603,""y"":417.23931623931617,""width"":358,""x"":16},""offset"":{""y"":0,""x"":18}},{""rect"":{""y"":47,""width"":358,""height"":774.74871794871797,""x"":16},""offset"":{""x"":0,""y"":-91}},{""offset"":{""x"":0,""y"":-56},""rect"":{""height"":787,""width"":390,""x"":0,""y"":57}}]"
170,134,1771569362.792337,0,"[{""rect"":{""y"":47,""x"":16,""width"":358,""height"":774.74871794871797},""offset"":{""x"":0,""y"":-91}},{""rect"":{""y"":457.62905982905977,""x"":16,""width"":358,""height"":734.35897435897436},""offset"":{""x"":1170,""y"":0}},{""rect"":{""height"":40.389743589743603,""width"":358,""x"":16,""y"":417.23931623931617},""offset"":{""y"":0,""x"":18}},{""rect"":{""y"":47,""width"":358,""height"":774.74871794871797,""x"":16},""offset"":{""x"":0,""y"":-91}},{""offset"":{""x"":0,""y"":-56},""rect"":{""height"":787,""y"":57,""width"":390,""x"":0}}]"
171,135,1771569363.809032,0,"[{""offset"":{""x"":0,""y"":-91},""rect"":{""height"":774.74871794871797,""x"":16,""y"":47,""width"":358}},{""rect"":{""height"":734.35897435897436,""y"":457.62905982905977,""width"":358,""x"":16},""offset"":{""y"":0,""x"":1170}},{""rect"":{""y"":417.23931623931617,""width"":358,""height"":40.389743589743603,""x"":16},""offset"":{""x"":18,""y"":0}},{""rect"":{""height"":774.74871794871797,""width"":358,""x"":16,""y"":47},""offset"":{""y"":-91,""x"":0}},{""rect"":{""y"":57,""x"":0,""width"":390,""height"":787},""offset"":{""x"":0,""y"":-56}}]"
172,136,1771569364.825677,0,"[{""rect"":{""x"":16,""width"":358,""y"":47,""height"":774.74871794871797},""offset"":{""x"":0,""y"":-91}},{""rect"":{""height"":734.35897435897436,""width"":358,""y"":457.62905982905977,""x"":16},""offset"":{""y"":0,""x"":1170}},{""rect"":{""x"":16,""height"":40.389743589743603,""y"":417.23931623931617,""width"":358},""offset"":{""y"":0,""x"":18}},{""rect"":{""y"":47,""height"":774.74871794871797,""width"":358,""x"":16},""offset"":{""x"":0,""y"":-91}},{""rect"":{""width"":390,""y"":57,""height"":787,""x"":0},""offset"":{""x"":0,""y"":-56}}]"
173,137,1771569365.842344,0,"[{""rect"":{""y"":47,""x"":16,""width"":358,""height"":774.74871794871797},""offset"":{""x"":0,""y"":-91}},{""rect"":{""width"":358,""height"":734.35897435897436,""y"":457.62905982905977,""x"":16},""offset"":{""x"":1170,""y"":0}},{""rect"":{""y"":417.23931623931617,""x"":16,""width"":358,""height"":40.389743589743603},""offset"":{""x"":18,""y"":0}},{""offset"":{""y"":-91,""x"":0},""rect"":{""width"":358,""y"":47,""x"":16,""height"":774.74871794871797}},{""offset"":{""x"":0,""y"":-56},""rect"":{""width"":390,""height"":787,""x"":-0.63034272193908691,""y"":57}},{""offset"":{""y"":-56,""x"":0},""rect"":{""width"":390,""x"":387.89885759353638,""height"":787,""y"":57}}]"
174,138,1771569366.843065,0,"[{""rect"":{""y"":42.48304845392704,""x"":14.462314367294312,""height"":781.40413678976199,""width"":361.07537126541138},""offset"":{""y"":-91,""x"":0}},{""rect"":{""width"":361.07537126541138,""height"":740.66742823674122,""x"":14.462314367294312,""y"":456.63958540963813},""offset"":{""y"":0,""x"":1170}},{""rect"":{""height"":40.736708553020776,""y"":415.90287685661735,""width"":361.07537126541138,""x"":14.462314367294312},""offset"":{""x"":18,""y"":0}},{""rect"":{""width"":361.07537126541138,""y"":42.48304845392704,""x"":14.462314367294312,""height"":781.40413678976199},""offset"":{""y"":-91,""x"":0}},{""offset"":{""x"":0,""y"":-56},""rect"":{""x"":0,""height"":787,""y"":132.63491205871105,""width"":390}}]"
175,139,1771569367.858979,0,"[{""rect"":{""y"":0,""x"":0,""height"":844,""width"":390},""offset"":{""y"":-91,""x"":0}},{""rect"":{""y"":447.33333333333326,""width"":390,""height"":800,""x"":0},""offset"":{""x"":1170,""y"":0}},{""rect"":{""x"":0,""height"":44,""y"":403.33333333333326,""width"":390},""offset"":{""y"":0,""x"":18}},{""rect"":{""height"":844,""width"":390,""y"":0,""x"":0},""offset"":{""y"":-91,""x"":0}}]"
176,140,1771569368.859078,0,"[{""rect"":{""height"":611,""x"":0,""y"":150,""width"":390},""offset"":{""x"":390,""y"":0}}]"
177,141,1771569369.875712,0,"[{""offset"":{""x"":390,""y"":0},""rect"":{""x"":0,""y"":150,""width"":390,""height"":611}}]"
178,141,1771569370.875866,0,"[{""rect"":{""width"":390,""x"":0,""y"":150,""height"":611},""offset"":{""x"":390,""y"":0}}]"
179,142,1771569371.892349,0,"[{""offset"":{""x"":390,""y"":0},""rect"":{""y"":150,""x"":0,""height"":611,""width"":390}}]"
180,142,1771569372.892957,0,"[{""rect"":{""y"":150,""x"":0,""width"":390,""height"":611},""offset"":{""x"":390,""y"":0}}]"
181,143,1771569373.90901,0,"[{""rect"":{""x"":0,""width"":390,""height"":844,""y"":0},""offset"":{""y"":2169.3333333333335,""x"":0}}]"
182,144,1771569374.909069,0,"[{""offset"":{""y"":2169.3333333333335,""x"":0},""rect"":{""height"":844,""width"":390,""y"":0,""x"":0}}]"
183,144,1771569375.925698,0,"[{""offset"":{""x"":0,""y"":2169.3333333333335},""rect"":{""x"":0,""width"":390,""height"":844,""y"":0}}]"
184,144,1771569376.926291,0,"[{""offset"":{""x"":0,""y"":2169.3333333333335},""rect"":{""x"":0,""width"":390,""height"":844,""y"":0}}]"
185,144,1771569377.942337,0,"[{""offset"":{""x"":0,""y"":2169.3333333333335},""rect"":{""x"":0,""width"":390,""height"":844,""y"":0}}]"
